Category,Sub-Category,Sales,Profit,Inventory_Days,Profit_Margin
Furniture,Chairs,4470.51,362.76,62.76470588235294,0.08114510424985068
Furniture,Tables,4517.31,201.66,46.94117647058823,0.04464161193276529
Office Supplies,Binders,2921.64,361.13,78.2,0.12360523541572542
Office Supplies,Paper,2850.09,112.33,78.88235294117646,0.0394127904732833
Technology,Accessories,3229.23,-10.450000000000003,63.5,-0.003236065563617334
Technology,Phones,5129.63,371.84000000000003,56.55555555555556,0.0724886590260896
